{"cameraMode":{"drawMode":0,"name":"Shaded","section":"Shading Mode"},"sceneLighting":true,"audioPlay":false,"sceneViewState":{"m_AlwaysRefresh":false,"showFog":true,"showSkybox":true,"showFlares":true,"showImageEffects":true,"showParticleSystems":true,"showVisualEffectGraphs":true,"m_FxEnabled":true},"in2DMode":false,"pivot":{"x":-2.3986008167266847,"y":5.2636847496032719,"z":-7.788191318511963},"rotation":{"x":0.21342799067497254,"y":-0.08924944698810578,"z":0.019582122564315797,"w":0.9726792573928833},"size":0.988278865814209,"orthographic":false}