{"cameraMode":{"drawMode":0,"name":"Shaded","section":"Shading Mode"},"sceneLighting":false,"audioPlay":false,"sceneViewState":{"m_AlwaysRefresh":false,"showFog":true,"showSkybox":false,"showFlares":true,"showImageEffects":true,"showParticleSystems":true,"showVisualEffectGraphs":true,"m_FxEnabled":true},"in2DMode":false,"pivot":{"x":-2.2521743774414064,"y":1.8547658920288087,"z":6.094699382781982},"rotation":{"x":-0.022049929946660997,"y":-0.9774782657623291,"z":0.16307461261749268,"w":-0.13216473162174226},"size":0.0007173205376602709,"orthographic":false}