{"cameraMode":{"drawMode":0,"name":"Shaded","section":"Shading Mode"},"sceneLighting":false,"audioPlay":false,"sceneViewState":{"m_AlwaysRefresh":false,"showFog":true,"showSkybox":false,"showFlares":true,"showImageEffects":true,"showParticleSystems":true,"showVisualEffectGraphs":true,"m_FxEnabled":true},"in2DMode":false,"pivot":{"x":-4.633465766906738,"y":3.957811117172241,"z":13.06597900390625},"rotation":{"x":-0.0048858108930289749,"y":-0.9851147532463074,"z":0.028388386592268945,"w":-0.1695021688938141},"size":0.000017320508050033823,"orthographic":false}